game_id,play_id,nfl_id,frame_id,x,y
2023090700,101,46137,1,56.22,17.28
2023090700,101,46137,2,56.63,16.88
2023090700,101,46137,3,57.06,16.46
2023090700,101,46137,4,57.48,16.02
2023090700,101,46137,5,57.91,15.56
2023090700,101,46137,6,58.34,15.1
2023090700,101,46137,7,58.75,14.57
2023090700,101,46137,8,59.14,14.01
2023090700,101,46137,9,59.51,13.41
2023090700,101,46137,10,59.86,12.8
2023090700,101,46137,11,60.19,12.15
2023090700,101,46137,12,60.5,11.46
2023090700,101,46137,13,60.78,10.75
2023090700,101,46137,14,61.05,10.02
2023090700,101,46137,15,61.32,9.26
2023090700,101,46137,16,61.59,8.48
2023090700,101,46137,17,61.84,7.69
2023090700,101,46137,18,62.1,6.9
2023090700,101,46137,19,62.36,6.13
2023090700,101,46137,20,62.61,5.38
2023090700,101,46137,21,62.87,4.63
2023090700,101,52546,1,47.94,12.12
2023090700,101,52546,2,47.86,11.75
2023090700,101,52546,3,47.78,11.35
2023090700,101,52546,4,47.72,10.91
2023090700,101,52546,5,47.71,10.46
2023090700,101,52546,6,47.73,10.0
2023090700,101,52546,7,47.79,9.55
2023090700,101,52546,8,47.91,9.12
2023090700,101,52546,9,48.05,8.7
2023090700,101,52546,10,48.21,8.29
2023090700,101,52546,11,48.49,8.0
2023090700,101,52546,12,48.89,7.7
2023090700,101,52546,13,49.23,7.39
2023090700,101,52546,14,49.58,7.11
2023090700,101,52546,15,49.96,6.86
2023090700,101,52546,16,50.39,6.59
2023090700,101,52546,17,50.82,6.35
2023090700,101,52546,18,51.23,6.14
2023090700,101,52546,19,51.65,5.91
2023090700,101,52546,20,52.06,5.64
2023090700,101,52546,21,52.48,5.38
2023090700,101,44930,1,53.2,13.98
2023090700,101,44930,2,53.96,13.78
2023090700,101,44930,3,54.7,13.54
2023090700,101,44930,4,55.41,13.27
2023090700,101,44930,5,56.09,12.95
2023090700,101,44930,6,56.73,12.58
2023090700,101,44930,7,57.35,12.14
2023090700,101,44930,8,57.92,11.68
2023090700,101,44930,9,58.45,11.17
2023090700,101,44930,10,58.95,10.62
2023090700,101,44930,11,59.4,10.02
2023090700,101,44930,12,59.83,9.37
2023090700,101,44930,13,60.22,8.69
2023090700,101,44930,14,60.59,7.99
2023090700,101,44930,15,60.92,7.25
2023090700,101,44930,16,61.23,6.5
2023090700,101,44930,17,61.52,5.74
2023090700,101,44930,18,61.79,4.99
2023090700,101,44930,19,62.04,4.25
2023090700,101,44930,20,62.28,3.52
2023090700,101,44930,21,62.49,2.83
2023090700,194,44888,1,85.38,30.88
2023090700,194,44888,2,85.4,30.49
2023090700,194,44888,3,85.4,30.05
2023090700,194,44888,4,85.38,29.58
2023090700,194,44888,5,85.32,29.09
2023090700,194,44888,6,85.23,28.57
2023090700,194,44888,7,85.1,28.04
2023090700,194,44888,8,84.92,27.5
2023090700,194,44888,9,84.68,26.97
2023090700,194,55910,1,77.26,28.04
2023090700,194,55910,2,77.02,28.6
2023090700,194,55910,3,76.81,29.15
2023090700,194,55910,4,76.63,29.68
2023090700,194,55910,5,76.48,30.18
2023090700,194,55910,6,76.35,30.63
2023090700,194,55910,7,76.23,31.04
2023090700,194,55910,8,76.12,31.39
2023090700,194,55910,9,76.01,31.69
2023090700,194,53953,1,76.7,18.27
2023090700,194,53953,2,76.37,18.36
2023090700,194,53953,3,76.1,18.44
2023090700,194,53953,4,75.91,18.48
2023090700,194,53953,5,75.79,18.5
2023090700,194,53953,6,75.75,18.49
2023090700,194,53953,7,75.77,18.46
2023090700,194,53953,8,75.85,18.41
2023090700,194,53953,9,75.98,18.34
2023090700,194,54653,1,90.31,22.45
2023090700,194,54653,2,89.79,22.17
2023090700,194,54653,3,89.23,21.92
2023090700,194,54653,4,88.64,21.7
2023090700,194,54653,5,88.02,21.5
2023090700,194,54653,6,87.37,21.32
2023090700,194,54653,7,86.68,21.17
2023090700,194,54653,8,85.98,21.03
2023090700,194,54653,9,85.27,20.9
2023090700,194,41325,1,88.43,21.99
2023090700,194,41325,2,87.88,21.76
2023090700,194,41325,3,87.33,21.56
2023090700,194,41325,4,86.78,21.38
2023090700,194,41325,5,86.23,21.22
2023090700,194,41325,6,85.69,21.08
2023090700,194,41325,7,85.15,20.95
2023090700,194,41325,8,84.61,20.82
2023090700,194,41325,9,84.06,20.7
2023090700,219,44888,1,72.76,16.56
2023090700,219,44888,2,72.51,16.32
2023090700,219,44888,3,72.28,16.06
2023090700,219,44888,4,72.08,15.77
2023090700,219,44888,5,71.92,15.46
2023090700,219,44888,6,71.81,15.12
2023090700,219,44888,7,71.75,14.77
2023090700,219,44888,8,71.73,14.41
2023090700,219,53953,1,70.92,9.18
2023090700,219,53953,2,70.74,9.12
2023090700,219,53953,3,70.65,9.07
2023090700,219,53953,4,70.62,9.04
2023090700,219,53953,5,70.66,9.01
2023090700,219,53953,6,70.78,9.0
2023090700,219,53953,7,70.96,8.99
2023090700,219,53953,8,71.21,8.98
2023090700,219,53591,1,75.63,10.2
2023090700,219,53591,2,75.32,10.18
2023090700,219,53591,3,75.07,10.16
2023090700,219,53591,4,74.88,10.12
2023090700,219,53591,5,74.72,10.08
2023090700,219,53591,6,74.59,10.03
2023090700,219,53591,7,74.48,9.97
2023090700,219,53591,8,74.39,9.91
2023090700,361,46137,1,35.68,46.82
2023090700,361,46137,2,35.68,46.94
2023090700,361,46137,3,35.64,47.09
2023090700,361,46137,4,35.55,47.25
2023090700,361,46137,5,35.4,47.43
2023090700,361,46137,6,35.21,47.63
2023090700,361,46137,7,34.96,47.84
2023090700,361,46137,8,34.65,48.05
2023090700,361,46137,9,34.3,48.29
2023090700,361,46137,10,33.88,48.55
2023090700,361,46137,11,33.41,48.81
2023090700,361,46137,12,32.92,49.07
2023090700,361,46137,13,32.39,49.33
2023090700,361,46137,14,31.83,49.61
2023090700,361,46137,15,31.24,49.83
2023090700,361,46137,16,30.62,50.03
2023090700,361,47882,1,31.84,30.95
2023090700,361,47882,2,31.96,31.64
2023090700,361,47882,3,32.08,32.36
2023090700,361,47882,4,32.22,33.08
2023090700,361,47882,5,32.35,33.83
2023090700,361,47882,6,32.47,34.59
2023090700,361,47882,7,32.58,35.38
2023090700,361,47882,8,32.69,36.17
2023090700,361,47882,9,32.78,36.96
2023090700,361,47882,10,32.85,37.76
2023090700,361,47882,11,32.89,38.56
2023090700,361,47882,12,32.92,39.38
2023090700,361,47882,13,32.92,40.2
2023090700,361,47882,14,32.89,41.03
2023090700,361,47882,15,32.85,41.86
2023090700,361,47882,16,32.76,42.69
2023090700,361,38696,1,34.22,48.48
2023090700,361,38696,2,34.2,48.64
2023090700,361,38696,3,34.13,48.82
2023090700,361,38696,4,34.0,49.02
2023090700,361,38696,5,33.81,49.23
2023090700,361,38696,6,33.57,49.44
2023090700,361,38696,7,33.27,49.66
2023090700,361,38696,8,32.93,49.88
2023090700,361,38696,9,32.53,50.11
2023090700,361,38696,10,32.09,50.31
2023090700,361,38696,11,31.6,50.48
2023090700,361,38696,12,31.07,50.64
2023090700,361,38696,13,30.5,50.76
2023090700,361,38696,14,29.91,50.84
2023090700,361,38696,15,29.33,50.9
2023090700,361,38696,16,28.74,50.94
2023090700,436,46137,1,36.22,39.21
2023090700,436,46137,2,36.3,39.12
2023090700,436,46137,3,36.38,38.94
2023090700,436,46137,4,36.48,38.69
2023090700,436,46137,5,36.59,38.38
2023090700,436,46137,6,36.71,38.01
2023090700,436,46137,7,36.85,37.59
2023090700,436,53487,1,31.43,29.37
2023090700,436,53487,2,31.25,29.66
2023090700,436,53487,3,31.1,29.97
2023090700,436,53487,4,30.98,30.29
2023090700,436,53487,5,30.92,30.61
2023090700,436,53487,6,30.89,30.92
2023090700,436,53487,7,30.91,31.23
2023090700,436,53541,1,33.98,37.6
2023090700,436,53541,2,34.27,37.34
2023090700,436,53541,3,34.54,37.02
2023090700,436,53541,4,34.81,36.65
2023090700,436,53541,5,35.07,36.24
2023090700,436,53541,6,35.32,35.81
2023090700,436,53541,7,35.58,35.35
2023090700,461,54527,1,62.34,27.85
2023090700,461,54527,2,62.55,27.35
2023090700,461,54527,3,62.75,26.83
2023090700,461,54527,4,62.94,26.3
2023090700,461,54527,5,63.12,25.77
2023090700,461,54527,6,63.27,25.24
2023090700,461,54527,7,63.41,24.72
2023090700,461,54527,8,63.52,24.21
2023090700,461,54527,9,63.62,23.72
2023090700,461,54527,10,63.7,23.25
2023090700,461,46137,1,58.91,16.92
2023090700,461,46137,2,59.25,16.84
2023090700,461,46137,3,59.56,16.81
2023090700,461,46137,4,59.83,16.83
2023090700,461,46137,5,60.03,16.92
2023090700,461,46137,6,60.17,17.07
2023090700,461,46137,7,60.26,17.29
2023090700,461,46137,8,60.28,17.56
2023090700,461,46137,9,60.25,17.88
2023090700,461,46137,10,60.18,18.24
2023090700,461,52546,1,50.06,10.5
2023090700,461,52546,2,50.2,10.45
2023090700,461,52546,3,50.33,10.44
2023090700,461,52546,4,50.47,10.49
2023090700,461,52546,5,50.6,10.6
2023090700,461,52546,6,50.75,10.75
2023090700,461,52546,7,50.91,10.97
2023090700,461,52546,8,51.09,11.22
2023090700,461,52546,9,51.29,11.52
2023090700,461,52546,10,51.5,11.85
2023090700,461,53487,1,48.18,27.62
2023090700,461,53487,2,48.53,27.31
2023090700,461,53487,3,48.91,26.98
2023090700,461,53487,4,49.34,26.62
2023090700,461,53487,5,49.79,26.25
2023090700,461,53487,6,50.26,25.88
2023090700,461,53487,7,50.76,25.5
2023090700,461,53487,8,51.3,25.14
2023090700,461,53487,9,51.85,24.79
2023090700,461,53487,10,52.43,24.46
2023090700,461,52471,1,45.9,20.86
2023090700,461,52471,2,45.83,20.46
2023090700,461,52471,3,45.79,20.07
2023090700,461,52471,4,45.78,19.7
2023090700,461,52471,5,45.8,19.34
2023090700,461,52471,6,45.86,19.02
2023090700,461,52471,7,45.97,18.72
2023090700,461,52471,8,46.12,18.46
2023090700,461,52471,9,46.33,18.24
2023090700,461,52471,10,46.59,18.05
2023090700,461,44930,1,52.42,14.12
2023090700,461,44930,2,52.99,14.34
2023090700,461,44930,3,53.53,14.62
2023090700,461,44930,4,54.04,14.97
2023090700,461,44930,5,54.5,15.39
2023090700,461,44930,6,54.95,15.86
2023090700,461,44930,7,55.38,16.38
2023090700,461,44930,8,55.79,16.94
2023090700,461,44930,9,56.19,17.53
2023090700,461,44930,10,56.57,18.17
2023090700,530,52546,1,91.5,8.01
2023090700,530,52546,2,91.7,7.94
2023090700,530,52546,3,91.86,7.92
2023090700,530,52546,4,91.98,7.93
2023090700,530,52546,5,92.04,7.99
2023090700,530,52546,6,92.08,8.1
2023090700,530,52546,7,92.08,8.23
2023090700,530,52546,8,92.05,8.41
2023090700,530,54568,1,91.03,19.83
2023090700,530,54568,2,91.04,19.42
2023090700,530,54568,3,91.02,18.99
2023090700,530,54568,4,90.99,18.51
2023090700,530,54568,5,90.94,17.98
2023090700,530,54568,6,90.88,17.42
2023090700,530,54568,7,90.81,16.83
2023090700,530,54568,8,90.74,16.21
2023090700,530,53541,1,89.46,16.88
2023090700,530,53541,2,89.63,16.5
2023090700,530,53541,3,89.76,16.11
2023090700,530,53541,4,89.86,15.7
2023090700,530,53541,5,89.94,15.28
2023090700,530,53541,6,89.99,14.86
2023090700,530,53541,7,90.04,14.43
2023090700,530,53541,8,90.1,14.0
2023090700,621,54527,1,104.12,24.5
2023090700,621,54527,2,104.05,23.82
2023090700,621,54527,3,104.0,23.11
2023090700,621,54527,4,103.97,22.39
2023090700,621,54527,5,103.97,21.65
2023090700,621,54527,6,104.0,20.9
2023090700,621,54527,7,104.06,20.14
2023090700,621,52546,1,105.06,23.86
2023090700,621,52546,2,105.3,24.55
2023090700,621,52546,3,105.52,25.24
2023090700,621,52546,4,105.73,25.95
2023090700,621,52546,5,105.94,26.65
2023090700,621,52546,6,106.12,27.36
2023090700,621,52546,7,106.29,28.05
2023090700,621,47882,1,108.3,19.94
2023090700,621,47882,2,108.16,19.67
2023090700,621,47882,3,107.99,19.36
2023090700,621,47882,4,107.82,19.02
2023090700,621,47882,5,107.62,18.65
2023090700,621,47882,6,107.42,18.24
2023090700,621,47882,7,107.21,17.79
2023090700,621,53541,1,103.05,23.59
2023090700,621,53541,2,103.15,22.75
2023090700,621,53541,3,103.26,21.9
2023090700,621,53541,4,103.38,21.06
2023090700,621,53541,5,103.5,20.2
2023090700,621,53541,6,103.65,19.34
2023090700,621,53541,7,103.81,18.48
2023090700,713,44888,1,78.29,12.65
2023090700,713,44888,2,78.25,12.12
2023090700,713,44888,3,78.24,11.57
2023090700,713,44888,4,78.24,10.98
2023090700,713,44888,5,78.25,10.38
2023090700,713,44888,6,78.28,9.75
2023090700,713,44888,7,78.31,9.12
2023090700,713,44888,8,78.38,8.48
2023090700,713,53953,1,71.89,10.35
2023090700,713,53953,2,71.45,10.23
2023090700,713,53953,3,71.03,10.08
2023090700,713,53953,4,70.64,9.9
2023090700,713,53953,5,70.28,9.67
2023090700,713,53953,6,69.95,9.4
2023090700,713,53953,7,69.67,9.1
2023090700,713,53953,8,69.44,8.75
2023090700,713,53591,1,79.13,11.8
2023090700,713,53591,2,78.93,11.35
2023090700,713,53591,3,78.78,10.81
2023090700,713,53591,4,78.65,10.32
2023090700,713,53591,5,78.57,9.79
2023090700,713,53591,6,78.5,9.27
2023090700,713,53591,7,78.46,8.75
2023090700,713,53591,8,78.53,8.01
2023090700,736,55910,1,72.23,35.95
2023090700,736,55910,2,71.7,36.51
2023090700,736,55910,3,71.15,37.07
2023090700,736,55910,4,70.6,37.63
2023090700,736,55910,5,70.04,38.18
2023090700,736,55910,6,69.47,38.72
2023090700,736,55910,7,68.88,39.24
2023090700,736,55910,8,68.3,39.75
2023090700,736,55910,9,67.72,40.23
2023090700,736,55910,10,67.14,40.7
2023090700,736,55910,11,66.58,41.14
2023090700,736,55910,12,66.03,41.56
2023090700,736,55910,13,65.51,41.96
2023090700,736,55910,14,65.02,42.32
2023090700,736,55910,15,64.58,42.66
2023090700,736,47888,1,63.52,25.58
2023090700,736,47888,2,63.1,26.05
2023090700,736,47888,3,62.68,26.55
2023090700,736,47888,4,62.26,27.08
2023090700,736,47888,5,61.86,27.64
2023090700,736,47888,6,61.47,28.23
2023090700,736,47888,7,61.09,28.85
2023090700,736,47888,8,60.74,29.49
2023090700,736,47888,9,60.43,30.16
2023090700,736,47888,10,60.13,30.86
2023090700,736,47888,11,59.87,31.58
2023090700,736,47888,12,59.65,32.32
2023090700,736,47888,13,59.46,33.08
2023090700,736,47888,14,59.31,33.86
2023090700,736,47888,15,59.2,34.65
2023090700,736,44906,1,76.66,39.82
2023090700,736,44906,2,76.84,40.29
2023090700,736,44906,3,77.01,40.77
2023090700,736,44906,4,77.15,41.27
2023090700,736,44906,5,77.26,41.78
2023090700,736,44906,6,77.34,42.3
2023090700,736,44906,7,77.39,42.82
2023090700,736,44906,8,77.41,43.32
2023090700,736,44906,9,77.39,43.82
2023090700,736,44906,10,77.33,44.31
2023090700,736,44906,11,77.22,44.78
2023090700,736,44906,12,77.06,45.24
2023090700,736,44906,13,76.87,45.67
2023090700,736,44906,14,76.64,46.07
2023090700,736,44906,15,76.37,46.45
2023090700,736,54562,1,72.61,29.87
2023090700,736,54562,2,72.07,30.23
2023090700,736,54562,3,71.54,30.63
2023090700,736,54562,4,71.01,31.07
2023090700,736,54562,5,70.49,31.55
2023090700,736,54562,6,70.0,32.06
2023090700,736,54562,7,69.52,32.61
2023090700,736,54562,8,69.08,33.2
2023090700,736,54562,9,68.66,33.83
2023090700,736,54562,10,68.28,34.49
2023090700,736,54562,11,67.93,35.18
2023090700,736,54562,12,67.6,35.91
2023090700,736,54562,13,67.31,36.67
2023090700,736,54562,14,67.03,37.45
2023090700,736,54562,15,66.76,38.26
2023090700,736,46213,1,72.78,33.96
2023090700,736,46213,2,72.24,34.52
2023090700,736,46213,3,71.73,35.1
2023090700,736,46213,4,71.24,35.69
2023090700,736,46213,5,70.78,36.27
2023090700,736,46213,6,70.35,36.86
2023090700,736,46213,7,69.94,37.44
2023090700,736,46213,8,69.55,38.01
2023090700,736,46213,9,69.18,38.56
2023090700,736,46213,10,68.81,39.1
2023090700,736,46213,11,68.45,39.61
2023090700,736,46213,12,68.08,40.1
2023090700,736,46213,13,67.71,40.56
2023090700,736,46213,14,67.35,41.01
2023090700,736,46213,15,66.97,41.43
2023091000,185,52424,1,53.37,33.15
2023091000,185,52424,2,53.28,32.83
2023091000,185,52424,3,53.24,32.45
2023091000,185,52424,4,53.23,32.03
2023091000,185,52424,5,53.26,31.55
2023091000,185,52424,6,53.32,31.03
2023091000,185,52424,7,53.41,30.46
2023091000,185,52424,8,53.52,29.86
2023091000,185,52424,9,53.64,29.23
2023091000,185,52272,1,59.58,33.76
2023091000,185,52272,2,59.51,33.89
2023091000,185,52272,3,59.43,34.06
2023091000,185,52272,4,59.35,34.26
2023091000,185,52272,5,59.25,34.48
2023091000,185,52272,6,59.14,34.72
2023091000,185,52272,7,59.01,34.95
2023091000,185,52272,8,58.85,35.19
2023091000,185,52272,9,58.64,35.41
2023091000,185,46123,1,51.29,25.2
2023091000,185,46123,2,51.24,25.06
2023091000,185,46123,3,51.23,24.96
2023091000,185,46123,4,51.27,24.91
2023091000,185,46123,5,51.37,24.9
2023091000,185,46123,6,51.53,24.94
2023091000,185,46123,7,51.75,25.02
2023091000,185,46123,8,52.03,25.1
2023091000,185,46123,9,52.36,25.19
2023091000,185,48027,1,60.1,22.36
2023091000,185,48027,2,59.87,22.4
2023091000,185,48027,3,59.63,22.48
2023091000,185,48027,4,59.37,22.61
2023091000,185,48027,5,59.1,22.77
2023091000,185,48027,6,58.8,22.97
2023091000,185,48027,7,58.49,23.19
2023091000,185,48027,8,58.16,23.42
2023091000,185,48027,9,57.82,23.65
2023091000,185,53488,1,56.9,30.97
2023091000,185,53488,2,56.55,30.67
2023091000,185,53488,3,56.24,30.35
2023091000,185,53488,4,55.96,30.0
2023091000,185,53488,5,55.72,29.62
2023091000,185,53488,6,55.51,29.21
2023091000,185,53488,7,55.32,28.77
2023091000,185,53488,8,55.14,28.31
2023091000,185,53488,9,54.99,27.84
2023091000,661,46123,1,86.1,26.14
2023091000,661,46123,2,86.25,26.42
2023091000,661,46123,3,86.44,26.72
2023091000,661,46123,4,86.66,27.02
2023091000,661,46123,5,86.92,27.34
2023091000,661,46123,6,87.21,27.7
2023091000,661,46123,7,87.53,28.09
2023091000,661,46123,8,87.87,28.52
2023091000,661,46123,9,88.22,28.97
2023091000,661,46123,10,88.57,29.45
2023091000,661,53469,1,86.11,38.5
2023091000,661,53469,2,85.71,38.55
2023091000,661,53469,3,85.33,38.56
2023091000,661,53469,4,84.97,38.5
2023091000,661,53469,5,84.63,38.38
2023091000,661,53469,6,84.31,38.21
2023091000,661,53469,7,84.02,37.99
2023091000,661,53469,8,83.77,37.73
2023091000,661,53469,9,83.55,37.43
2023091000,661,53469,10,83.37,37.09
2023091000,661,54523,1,93.59,35.32
2023091000,661,54523,2,93.35,35.16
2023091000,661,54523,3,93.11,34.95
2023091000,661,54523,4,92.86,34.67
2023091000,661,54523,5,92.61,34.34
2023091000,661,54523,6,92.33,33.95
2023091000,661,54523,7,92.04,33.51
2023091000,661,54523,8,91.73,33.03
2023091000,661,54523,9,91.42,32.53
2023091000,661,54523,10,91.13,32.0
2023091000,661,46094,1,91.48,35.19
2023091000,661,46094,2,91.09,34.92
2023091000,661,46094,3,90.71,34.59
2023091000,661,46094,4,90.35,34.21
2023091000,661,46094,5,90.01,33.79
2023091000,661,46094,6,89.7,33.33
2023091000,661,46094,7,89.41,32.83
2023091000,661,46094,8,89.14,32.31
2023091000,661,46094,9,88.89,31.77
2023091000,661,46094,10,88.67,31.19
2023091000,842,46123,1,42.99,22.82
2023091000,842,46123,2,42.96,22.12
2023091000,842,46123,3,42.98,21.4
2023091000,842,46123,4,43.05,20.68
2023091000,842,46123,5,43.17,19.95
2023091000,842,46123,6,43.34,19.22
2023091000,842,46123,7,43.57,18.5
2023091000,842,46123,8,43.84,17.8
2023091000,842,46123,9,44.16,17.12
2023091000,842,46123,10,44.52,16.46
2023091000,842,53469,1,49.96,25.2
2023091000,842,53469,2,50.03,24.4
2023091000,842,53469,3,50.1,23.58
2023091000,842,53469,4,50.15,22.74
2023091000,842,53469,5,50.2,21.88
2023091000,842,53469,6,50.25,21.01
2023091000,842,53469,7,50.28,20.11
2023091000,842,53469,8,50.32,19.21
2023091000,842,53469,9,50.34,18.3
2023091000,842,53469,10,50.36,17.39
2023091000,842,54523,1,43.58,13.16
2023091000,842,54523,2,43.93,12.44
2023091000,842,54523,3,44.26,11.73
2023091000,842,54523,4,44.57,11.04
2023091000,842,54523,5,44.88,10.36
2023091000,842,54523,6,45.18,9.71
2023091000,842,54523,7,45.49,9.09
2023091000,842,54523,8,45.81,8.48
2023091000,842,54523,9,46.14,7.9
2023091000,842,54523,10,46.48,7.36
2023091000,842,46094,1,48.25,23.29
2023091000,842,46094,2,48.52,22.5
2023091000,842,46094,3,48.81,21.71
2023091000,842,46094,4,49.09,20.92
2023091000,842,46094,5,49.37,20.14
2023091000,842,46094,6,49.65,19.37
2023091000,842,46094,7,49.93,18.6
2023091000,842,46094,8,50.2,17.85
2023091000,842,46094,9,50.47,17.12
2023091000,842,46094,10,50.73,16.4
2023091000,877,54523,1,39.8,39.52
2023091000,877,54523,2,39.48,40.06
2023091000,877,54523,3,39.19,40.64
2023091000,877,54523,4,38.94,41.24
2023091000,877,54523,5,38.72,41.87
2023091000,877,54523,6,38.54,42.54
2023091000,877,54523,7,38.42,43.23
2023091000,877,54523,8,38.35,43.95
2023091000,877,53555,1,32.41,48.35
2023091000,877,53555,2,32.75,48.64
2023091000,877,53555,3,33.11,48.9
2023091000,877,53555,4,33.49,49.15
2023091000,877,53555,5,33.89,49.38
2023091000,877,53555,6,34.3,49.6
2023091000,877,53555,7,34.74,49.82
2023091000,877,53555,8,35.19,50.02
2023091000,927,52472,1,89.84,17.08
2023091000,927,52472,2,89.72,16.49
2023091000,927,52472,3,89.6,15.91
2023091000,927,52472,4,89.49,15.34
2023091000,927,52472,5,89.37,14.78
2023091000,927,52472,6,89.24,14.25
2023091000,927,52472,7,89.12,13.74
2023091000,927,42368,1,89.83,28.68
2023091000,927,42368,2,89.79,28.28
2023091000,927,42368,3,89.75,27.83
2023091000,927,42368,4,89.72,27.35
2023091000,927,42368,5,89.69,26.82
2023091000,927,42368,6,89.66,26.27
2023091000,927,42368,7,89.63,25.68
2023091000,927,54473,1,90.97,20.5
2023091000,927,54473,2,90.7,20.51
2023091000,927,54473,3,90.46,20.49
2023091000,927,54473,4,90.24,20.44
2023091000,927,54473,5,90.07,20.34
2023091000,927,54473,6,89.9,20.15
2023091000,927,54473,7,89.78,19.95
2023091000,1046,46527,1,87.84,33.78
2023091000,1046,46527,2,87.72,34.0
2023091000,1046,46527,3,87.6,34.26
2023091000,1046,46527,4,87.51,34.54
2023091000,1046,46527,5,87.43,34.87
2023091000,1046,46527,6,87.35,35.25
2023091000,1046,46527,7,87.28,35.66
2023091000,1046,46527,8,87.21,36.11
2023091000,1046,53437,1,82.95,43.35
2023091000,1046,53437,2,82.73,43.13
2023091000,1046,53437,3,82.56,42.9
2023091000,1046,53437,4,82.46,42.67
2023091000,1046,53437,5,82.39,42.44
2023091000,1046,53437,6,82.36,42.21
2023091000,1046,53437,7,82.39,42.0
2023091000,1046,53437,8,82.46,41.79
2023091000,1046,43350,1,80.44,35.82
2023091000,1046,43350,2,80.2,35.75
2023091000,1046,43350,3,80.01,35.71
2023091000,1046,43350,4,79.89,35.67
2023091000,1046,43350,5,79.83,35.64
2023091000,1046,43350,6,79.83,35.62
2023091000,1046,43350,7,79.9,35.63
2023091000,1046,43350,8,80.03,35.65
2023091000,1046,44931,1,89.72,42.09
2023091000,1046,44931,2,89.34,41.8
2023091000,1046,44931,3,88.99,41.48
2023091000,1046,44931,4,88.67,41.15
2023091000,1046,44931,5,88.37,40.8
2023091000,1046,44931,6,88.09,40.44
2023091000,1046,44931,7,87.82,40.06
2023091000,1046,44931,8,87.56,39.69
2023091000,1193,52272,1,48.38,19.49
2023091000,1193,52272,2,48.48,19.44
2023091000,1193,52272,3,48.57,19.37
2023091000,1193,52272,4,48.65,19.29
2023091000,1193,52272,5,48.74,19.19
2023091000,1193,52272,6,48.84,19.08
2023091000,1193,52272,7,48.97,18.97
2023091000,1193,52272,8,49.1,18.85
2023091000,1193,52272,9,49.26,18.75
2023091000,1193,46123,1,49.89,22.4
2023091000,1193,46123,2,49.9,22.57
2023091000,1193,46123,3,49.94,22.75
2023091000,1193,46123,4,50.03,22.96
2023091000,1193,46123,5,50.16,23.18
2023091000,1193,46123,6,50.35,23.42
2023091000,1193,46123,7,50.59,23.66
2023091000,1193,46123,8,50.87,23.91
2023091000,1193,46123,9,51.18,24.12
2023091000,1193,48027,1,46.46,31.79
2023091000,1193,48027,2,46.58,32.42
2023091000,1193,48027,3,46.74,33.05
2023091000,1193,48027,4,46.93,33.67
2023091000,1193,48027,5,47.14,34.28
2023091000,1193,48027,6,47.39,34.88
2023091000,1193,48027,7,47.65,35.46
2023091000,1193,48027,8,47.92,36.02
2023091000,1193,48027,9,48.21,36.55
2023091000,1193,46215,1,53.64,34.83
2023091000,1193,46215,2,53.65,34.18
2023091000,1193,46215,3,53.66,33.5
2023091000,1193,46215,4,53.67,32.79
2023091000,1193,46215,5,53.68,32.05
2023091000,1193,46215,6,53.67,31.28
2023091000,1193,46215,7,53.66,30.5
2023091000,1193,46215,8,53.64,29.72
2023091000,1193,46215,9,53.63,28.93
2023091000,1193,46094,1,53.04,32.91
2023091000,1193,46094,2,53.08,32.25
2023091000,1193,46094,3,53.12,31.6
2023091000,1193,46094,4,53.15,30.94
2023091000,1193,46094,5,53.17,30.29
2023091000,1193,46094,6,53.18,29.65
2023091000,1193,46094,7,53.19,29.01
2023091000,1193,46094,8,53.19,28.38
2023091000,1193,46094,9,53.2,27.77
2023091000,1240,53488,1,60.79,34.02
2023091000,1240,53488,2,60.87,33.28
2023091000,1240,53488,3,60.96,32.54
2023091000,1240,53488,4,61.04,31.8
2023091000,1240,53488,5,61.11,31.06
2023091000,1240,53488,6,61.19,30.32
2023091000,1240,53488,7,61.27,29.6
2023091000,1240,53488,8,61.36,28.89
2023091000,1300,52272,1,70.35,36.72
2023091000,1300,52272,2,70.53,36.4
2023091000,1300,52272,3,70.67,36.01
2023091000,1300,52272,4,70.76,35.58
2023091000,1300,52272,5,70.81,35.09
2023091000,1300,52272,6,70.81,34.56
2023091000,1300,52272,7,70.75,33.98
2023091000,1300,52272,8,70.65,33.37
2023091000,1300,40488,1,68.92,35.58
2023091000,1300,40488,2,69.09,35.18
2023091000,1300,40488,3,69.22,34.74
2023091000,1300,40488,4,69.3,34.26
2023091000,1300,40488,5,69.35,33.76
2023091000,1300,40488,6,69.36,33.24
2023091000,1300,40488,7,69.34,32.72
2023091000,1300,40488,8,69.29,32.21
2023091000,1325,53469,1,76.43,36.27
2023091000,1325,53469,2,76.11,36.74
2023091000,1325,53469,3,75.79,37.24
2023091000,1325,53469,4,75.47,37.78
2023091000,1325,53469,5,75.16,38.35
2023091000,1325,53469,6,74.89,38.95
2023091000,1325,53469,7,74.65,39.57
2023091000,1325,53469,8,74.46,40.23
2023091000,1325,53469,9,74.3,40.9
2023091000,1325,53469,10,74.18,41.59
2023091000,1325,53469,11,74.13,42.29
2023091000,1325,53469,12,74.15,42.98
2023091000,1325,53469,13,74.23,43.67
2023091000,1325,53469,14,74.36,44.35
2023091000,1325,46215,1,75.24,42.9
2023091000,1325,46215,2,75.75,43.2
2023091000,1325,46215,3,76.23,43.54
2023091000,1325,46215,4,76.68,43.88
2023091000,1325,46215,5,77.07,44.28
2023091000,1325,46215,6,77.42,44.72
2023091000,1325,46215,7,77.71,45.19
2023091000,1325,46215,8,77.94,45.71
2023091000,1325,46215,9,78.13,46.25
2023091000,1325,46215,10,78.23,46.84
2023091000,1325,46215,11,78.29,47.47
2023091000,1325,46215,12,78.28,48.16
2023091000,1325,46215,13,78.24,48.86
2023091000,1325,46215,14,78.15,49.6
2023091000,1325,54523,1,78.96,49.64
2023091000,1325,54523,2,79.4,49.94
2023091000,1325,54523,3,79.85,50.23
2023091000,1325,54523,4,80.33,50.51
2023091000,1325,54523,5,80.83,50.76
2023091000,1325,54523,6,81.37,50.98
2023091000,1325,54523,7,81.93,51.19
2023091000,1325,54523,8,82.5,51.36
2023091000,1325,54523,9,83.09,51.5
2023091000,1325,54523,10,83.7,51.62
2023091000,1325,54523,11,84.31,51.7
2023091000,1325,54523,12,84.94,51.75
2023091000,1325,54523,13,85.57,51.76
2023091000,1325,54523,14,86.21,51.75
2023091000,1325,55904,1,75.26,44.08
2023091000,1325,55904,2,75.73,44.46
2023091000,1325,55904,3,76.15,44.88
2023091000,1325,55904,4,76.53,45.34
2023091000,1325,55904,5,76.85,45.83
2023091000,1325,55904,6,77.13,46.35
2023091000,1325,55904,7,77.34,46.9
2023091000,1325,55904,8,77.5,47.47
2023091000,1325,55904,9,77.61,48.07
2023091000,1325,55904,10,77.67,48.68
2023091000,1325,55904,11,77.7,49.31
2023091000,1325,55904,12,77.7,49.93
2023091000,1325,55904,13,77.66,50.57
2023091000,1325,55904,14,77.61,51.2
2023091001,166,54604,1,19.23,20.88
2023091001,166,54604,2,19.31,20.37
2023091001,166,54604,3,19.39,19.84
2023091001,166,54604,4,19.47,19.29
2023091001,166,54604,5,19.57,18.74
2023091001,166,54604,6,19.67,18.19
2023091001,166,54604,7,19.8,17.65
2023091001,284,42393,1,60.6,44.73
2023091001,284,42393,2,60.73,44.88
2023091001,284,42393,3,60.92,45.04
2023091001,284,42393,4,61.16,45.22
2023091001,284,42393,5,61.46,45.39
2023091001,284,42393,6,61.81,45.55
2023091001,284,42393,7,62.2,45.69
2023091001,284,42393,8,62.62,45.81
2023091001,284,42393,9,63.08,45.9
2023091001,284,42393,10,63.55,45.95
2023091001,284,54572,1,69.57,46.84
2023091001,284,54572,2,69.57,46.84
2023091001,284,54572,3,69.59,46.83
2023091001,284,54572,4,69.62,46.8
2023091001,284,54572,5,69.66,46.75
2023091001,284,54572,6,69.7,46.68
2023091001,284,54572,7,69.76,46.6
2023091001,284,54572,8,69.82,46.49
2023091001,284,54572,9,69.87,46.36
2023091001,284,54572,10,69.93,46.21
2023091001,407,54468,1,91.39,8.55
2023091001,407,54468,2,91.38,8.31
2023091001,407,54468,3,91.35,8.07
2023091001,407,54468,4,91.27,7.82
2023091001,407,54468,5,91.16,7.56
2023091001,407,54468,6,90.98,7.3
2023091001,407,54468,7,90.76,7.03
2023091001,407,54468,8,90.47,6.77
2023091001,407,54468,9,90.16,6.49
2023091001,407,54468,10,89.84,6.22
2023091001,407,54468,11,89.54,5.95
2023091001,407,56032,1,86.95,17.07
2023091001,407,56032,2,86.8,16.54
2023091001,407,56032,3,86.62,15.99
2023091001,407,56032,4,86.41,15.41
2023091001,407,56032,5,86.18,14.8
2023091001,407,56032,6,85.93,14.16
2023091001,407,56032,7,85.67,13.51
2023091001,407,56032,8,85.41,12.83
2023091001,407,56032,9,85.14,12.14
2023091001,407,56032,10,84.87,11.43
2023091001,407,56032,11,84.61,10.69
2023091001,407,54502,1,86.21,11.94
2023091001,407,54502,2,85.97,11.57
2023091001,407,54502,3,85.74,11.16
2023091001,407,54502,4,85.51,10.73
2023091001,407,54502,5,85.29,10.26
2023091001,407,54502,6,85.09,9.77
2023091001,407,54502,7,84.89,9.25
2023091001,407,54502,8,84.7,8.73
2023091001,407,54502,9,84.51,8.2
2023091001,407,54502,10,84.31,7.65
2023091001,407,54502,11,84.1,7.12
2023091001,407,55886,1,79.56,13.0
2023091001,407,55886,2,79.62,12.44
2023091001,407,55886,3,79.7,11.88
2023091001,407,55886,4,79.81,11.3
2023091001,407,55886,5,79.91,10.74
2023091001,407,55886,6,80.03,10.17
2023091001,407,55886,7,80.18,9.6
2023091001,407,55886,8,80.34,9.03
2023091001,407,55886,9,80.5,8.47
2023091001,407,55886,10,80.68,7.91
2023091001,407,55886,11,80.87,7.35
2023091001,532,42441,1,96.42,34.98
2023091001,532,42441,2,96.47,35.64
2023091001,532,42441,3,96.51,36.31
2023091001,532,42441,4,96.53,36.97
2023091001,532,42441,5,96.52,37.62
2023091001,532,42441,6,96.48,38.24
2023091001,532,42441,7,96.4,38.84
2023091001,532,42441,8,96.33,39.43
2023091001,532,42441,9,96.14,39.9
2023091001,532,42441,10,96.02,40.36
2023091001,532,55886,1,96.47,35.44
2023091001,532,55886,2,96.55,36.19
2023091001,532,55886,3,96.61,36.93
2023091001,532,55886,4,96.65,37.64
2023091001,532,55886,5,96.67,38.32
2023091001,532,55886,6,96.66,38.97
2023091001,532,55886,7,96.64,39.59
2023091001,532,55886,8,96.55,40.13
2023091001,532,55886,9,96.44,40.61
2023091001,532,55886,10,96.3,41.04
2023091001,559,54479,1,89.13,40.6
2023091001,559,54479,2,89.32,41.01
2023091001,559,54479,3,89.53,41.42
2023091001,559,54479,4,89.75,41.86
2023091001,559,54479,5,89.97,42.34
2023091001,559,54479,6,90.23,42.85
2023091001,559,54479,7,90.49,43.36
2023091001,559,54479,8,90.74,43.87
2023091001,559,54479,9,90.99,44.39
2023091001,559,54479,10,91.22,44.9
2023091001,559,54479,11,91.43,45.42
2023091001,559,46206,1,90.85,40.39
2023091001,559,46206,2,90.82,40.85
2023091001,559,46206,3,90.84,41.33
2023091001,559,46206,4,90.89,41.84
2023091001,559,46206,5,90.99,42.37
2023091001,559,46206,6,91.12,42.9
2023091001,559,46206,7,91.28,43.45
2023091001,559,46206,8,91.46,44.0
2023091001,559,46206,9,91.68,44.54
2023091001,559,46206,10,91.92,45.07
2023091001,559,46206,11,92.18,45.59
2023091001,893,54502,1,97.95,36.19
2023091001,893,54502,2,98.21,36.64
2023091001,893,54502,3,98.46,37.11
2023091001,893,54502,4,98.69,37.62
2023091001,893,54502,5,98.86,38.18
2023091001,893,54502,6,99.0,38.76
2023091001,893,54502,7,99.08,39.38
2023091001,893,54502,8,99.15,40.02
2023091001,893,54502,9,99.19,40.68
2023091001,893,54502,10,99.15,41.39
2023091001,893,54502,11,99.09,42.13
2023091001,893,54502,12,99.02,42.89
2023091001,893,54502,13,98.94,43.66
2023091001,893,54502,14,98.84,44.44
2023091001,893,54502,15,98.75,45.23
2023091001,893,54502,16,98.67,46.07
2023091001,893,54502,17,98.59,46.91
2023091001,893,42441,1,81.25,46.07
2023091001,893,42441,2,81.43,46.18
2023091001,893,42441,3,81.58,46.26
2023091001,893,42441,4,81.7,46.3
2023091001,893,42441,5,81.81,46.33
2023091001,893,42441,6,81.9,46.37
2023091001,893,42441,7,81.99,46.38
2023091001,893,42441,8,82.08,46.38
2023091001,893,42441,9,82.17,46.38
2023091001,893,42441,10,82.29,46.39
2023091001,893,42441,11,82.42,46.41
2023091001,893,42441,12,82.59,46.46
2023091001,893,42441,13,82.77,46.5
2023091001,893,42441,14,82.98,46.57
2023091001,893,42441,15,83.22,46.69
2023091001,893,42441,16,83.48,46.79
2023091001,893,42441,17,83.75,46.9
2023091001,893,46672,1,85.16,36.5
2023091001,893,46672,2,85.3,36.6
2023091001,893,46672,3,85.43,36.74
2023091001,893,46672,4,85.54,36.91
2023091001,893,46672,5,85.67,37.1
2023091001,893,46672,6,85.79,37.33
2023091001,893,46672,7,85.92,37.59
2023091001,893,46672,8,86.07,37.89
2023091001,893,46672,9,86.27,38.22
2023091001,893,46672,10,86.47,38.57
2023091001,893,46672,11,86.71,38.96
2023091001,893,46672,12,86.99,39.36
2023091001,893,46672,13,87.35,39.75
2023091001,893,46672,14,87.74,40.15
2023091001,893,46672,15,88.18,40.54
2023091001,893,46672,16,88.66,40.91
2023091001,893,46672,17,89.19,41.26
2023091001,893,55886,1,85.56,42.55
2023091001,893,55886,2,86.1,42.99
2023091001,893,55886,3,86.62,43.44
2023091001,893,55886,4,87.15,43.89
2023091001,893,55886,5,87.66,44.33
2023091001,893,55886,6,88.19,44.79
2023091001,893,55886,7,88.73,45.24
2023091001,893,55886,8,89.28,45.68
2023091001,893,55886,9,89.84,46.11
2023091001,893,55886,10,90.44,46.54
2023091001,893,55886,11,91.07,46.97
2023091001,893,55886,12,91.72,47.39
2023091001,893,55886,13,92.38,47.85
2023091001,893,55886,14,93.05,48.28
2023091001,893,55886,15,93.67,48.72
2023091001,893,55886,16,94.31,49.15
2023091001,893,55886,17,94.96,49.61
2023091001,1042,53533,1,64.88,5.42
2023091001,1042,53533,2,64.37,5.27
2023091001,1042,53533,3,63.86,5.15
2023091001,1042,53533,4,63.39,5.08
2023091001,1042,53533,5,62.97,5.04
2023091001,1042,53533,6,62.57,5.05
2023091001,1042,53533,7,62.27,5.15
2023091001,1042,53533,8,62.0,5.28
2023091001,1042,53533,9,61.79,5.47
2023091001,1042,53533,10,61.62,5.71
2023091001,1042,53533,11,61.5,6.0
2023091001,1042,53533,12,61.4,6.33
2023091001,1042,52627,1,64.87,25.66
2023091001,1042,52627,2,64.43,25.39
2023091001,1042,52627,3,63.96,25.12
2023091001,1042,52627,4,63.5,24.82
2023091001,1042,52627,5,63.07,24.49
2023091001,1042,52627,6,62.65,24.16
2023091001,1042,52627,7,62.3,23.83
2023091001,1042,52627,8,62.03,23.48
2023091001,1042,52627,9,61.78,23.11
2023091001,1042,52627,10,61.58,22.71
2023091001,1042,52627,11,61.43,22.3
2023091001,1042,52627,12,61.34,21.87
2023091001,1042,54479,1,75.58,12.95
2023091001,1042,54479,2,75.31,12.73
2023091001,1042,54479,3,75.03,12.53
2023091001,1042,54479,4,74.71,12.36
2023091001,1042,54479,5,74.36,12.23
2023091001,1042,54479,6,73.98,12.13
2023091001,1042,54479,7,73.58,12.08
2023091001,1042,54479,8,73.15,12.06
2023091001,1042,54479,9,72.69,12.08
2023091001,1042,54479,10,72.21,12.11
2023091001,1042,54479,11,71.71,12.18
2023091001,1042,54479,12,71.18,12.23
2023091001,1042,44854,1,59.99,15.83
2023091001,1042,44854,2,59.56,15.83
2023091001,1042,44854,3,59.15,15.84
2023091001,1042,44854,4,58.77,15.85
2023091001,1042,44854,5,58.41,15.86
2023091001,1042,44854,6,58.1,15.86
2023091001,1042,44854,7,57.85,15.83
2023091001,1042,44854,8,57.65,15.77
2023091001,1042,44854,9,57.51,15.64
2023091001,1042,44854,10,57.43,15.43
2023091001,1042,44854,11,57.39,15.19
2023091001,1042,44854,12,57.41,14.9
2023091001,1042,46077,1,76.23,22.77
2023091001,1042,46077,2,75.98,22.36
2023091001,1042,46077,3,75.72,21.93
2023091001,1042,46077,4,75.47,21.48
2023091001,1042,46077,5,75.23,21.03
2023091001,1042,46077,6,74.97,20.57
2023091001,1042,46077,7,74.7,20.1
2023091001,1042,46077,8,74.42,19.64
2023091001,1042,46077,9,74.14,19.19
2023091001,1042,46077,10,73.83,18.75
2023091001,1042,46077,11,73.49,18.34
2023091001,1042,46077,12,73.11,17.94
2023091001,1042,53518,1,68.0,15.63
2023091001,1042,53518,2,67.32,15.82
2023091001,1042,53518,3,66.67,16.0
2023091001,1042,53518,4,66.09,16.18
2023091001,1042,53518,5,65.57,16.32
2023091001,1042,53518,6,65.12,16.39
2023091001,1042,53518,7,64.71,16.42
2023091001,1042,53518,8,64.36,16.39
2023091001,1042,53518,9,64.04,16.3
2023091001,1042,53518,10,63.78,16.14
2023091001,1042,53518,11,63.54,15.95
2023091001,1042,53518,12,63.33,15.71
2023091001,1065,46206,1,91.39,34.17
2023091001,1065,46206,2,91.32,34.72
2023091001,1065,46206,3,91.22,35.28
2023091001,1065,46206,4,91.09,35.82
2023091001,1065,46206,5,90.93,36.36
2023091001,1065,46206,6,90.74,36.89
2023091001,1065,46206,7,90.54,37.41
2023091001,1065,46206,8,90.34,37.92
2023091001,1232,42441,1,47.21,9.84
2023091001,1232,42441,2,46.91,9.59
2023091001,1232,42441,3,46.69,9.33
2023091001,1232,42441,4,46.53,9.07
2023091001,1232,42441,5,46.46,8.79
2023091001,1232,42441,6,46.45,8.51
2023091001,1232,42441,7,46.55,8.23
2023091001,1232,42441,8,46.7,7.95
2023091001,1232,42441,9,46.93,7.69
2023091001,1232,42441,10,47.21,7.43
2023091001,1232,42441,11,47.57,7.19
2023091001,1232,46672,1,49.9,19.46
2023091001,1232,46672,2,49.74,19.4
2023091001,1232,46672,3,49.64,19.27
2023091001,1232,46672,4,49.6,19.07
2023091001,1232,46672,5,49.59,18.83
2023091001,1232,46672,6,49.66,18.58
2023091001,1232,46672,7,49.76,18.27
2023091001,1232,46672,8,49.93,17.91
2023091001,1232,46672,9,50.15,17.51
2023091001,1232,46672,10,50.38,17.1
2023091001,1232,46672,11,50.67,16.64
2023091001,1232,53456,1,56.91,16.11
2023091001,1232,53456,2,57.06,15.76
2023091001,1232,53456,3,57.22,15.41
2023091001,1232,53456,4,57.38,15.06
2023091001,1232,53456,5,57.53,14.72
2023091001,1232,53456,6,57.69,14.36
2023091001,1232,53456,7,57.84,14.01
2023091001,1232,53456,8,57.98,13.66
2023091001,1232,53456,9,58.11,13.3
2023091001,1232,53456,10,58.23,12.95
2023091001,1232,53456,11,58.33,12.6
2023091001,1368,54479,1,42.68,11.06
2023091001,1368,54479,2,43.3,10.91
2023091001,1368,54479,3,43.92,10.74
2023091001,1368,54479,4,44.51,10.53
2023091001,1368,54479,5,45.07,10.3
2023091001,1368,54479,6,45.61,10.02
2023091001,1368,54479,7,46.11,9.69
2023091001,1368,54479,8,46.57,9.31
2023091001,1368,54479,9,47.02,8.9
2023091001,1368,52506,1,37.5,17.44
2023091001,1368,52506,2,37.74,17.71
2023091001,1368,52506,3,37.98,18.0
2023091001,1368,52506,4,38.25,18.3
2023091001,1368,52506,5,38.51,18.61
2023091001,1368,52506,6,38.78,18.93
2023091001,1368,52506,7,39.05,19.25
2023091001,1368,52506,8,39.34,19.58
2023091001,1368,52506,9,39.63,19.9
2023091001,1368,44854,1,49.21,24.48
2023091001,1368,44854,2,49.27,24.12
2023091001,1368,44854,3,49.24,23.86
2023091001,1368,44854,4,49.17,23.64
2023091001,1368,44854,5,49.04,23.47
2023091001,1368,44854,6,48.85,23.35
2023091001,1368,44854,7,48.61,23.3
2023091001,1368,44854,8,48.33,23.31
2023091001,1368,44854,9,48.02,23.37
2023091001,1368,42393,1,41.44,15.03
2023091001,1368,42393,2,41.67,15.55
2023091001,1368,42393,3,41.89,16.1
2023091001,1368,42393,4,42.12,16.7
2023091001,1368,42393,5,42.36,17.34
2023091001,1368,42393,6,42.61,18.01
2023091001,1368,42393,7,42.87,18.7
2023091001,1368,42393,8,43.14,19.4
2023091001,1368,42393,9,43.42,20.13
2023091001,1368,39989,1,40.09,16.7
2023091001,1368,39989,2,40.52,17.21
2023091001,1368,39989,3,40.95,17.74
2023091001,1368,39989,4,41.37,18.28
2023091001,1368,39989,5,41.78,18.85
2023091001,1368,39989,6,42.19,19.43
2023091001,1368,39989,7,42.61,20.02
2023091001,1368,39989,8,43.02,20.61
2023091001,1368,39989,9,43.45,21.22
